model,criterion,max_depth,min_samples_split,max_features,learning_rate,n_estimators,n_neighbors,metric,solver,penalty,C,max_iter,kernel,train_accuracy,train_f1,test_accuracy,test_f1,duration
K Nearest Neighbors,0,0,0,0,0,0,5,minkowski,0,0,0,0,0,0.785,0.785,0.699,0.698,0.003
K Nearest Neighbors,0,0,0,0,0,0,5,euclidean,0,0,0,0,0,0.798,0.798,0.783,0.785,0.00321
K Nearest Neighbors,0,0,0,0,0,0,5,manhattan,0,0,0,0,0,0.776,0.776,0.663,0.664,0.00199
K Nearest Neighbors,0,0,0,0,0,0,5,chebyshev,0,0,0,0,0,0.792,0.789,0.723,0.723,0.00553
K Nearest Neighbors,0,0,0,0,0,0,6,minkowski,0,0,0,0,0,0.779,0.775,0.723,0.714,0.00199
K Nearest Neighbors,0,0,0,0,0,0,6,euclidean,0,0,0,0,0,0.773,0.768,0.711,0.71,0.002
K Nearest Neighbors,0,0,0,0,0,0,6,manhattan,0,0,0,0,0,0.776,0.77,0.771,0.769,0.001
K Nearest Neighbors,0,0,0,0,0,0,6,chebyshev,0,0,0,0,0,0.776,0.772,0.687,0.681,0.001
K Nearest Neighbors,0,0,0,0,0,0,7,minkowski,0,0,0,0,0,0.77,0.77,0.771,0.768,0.00104
K Nearest Neighbors,0,0,0,0,0,0,7,euclidean,0,0,0,0,0,0.767,0.766,0.699,0.697,0.00103
K Nearest Neighbors,0,0,0,0,0,0,7,manhattan,0,0,0,0,0,0.755,0.753,0.735,0.734,0.00104
K Nearest Neighbors,0,0,0,0,0,0,7,chebyshev,0,0,0,0,0,0.785,0.785,0.663,0.655,0.00151
K Nearest Neighbors,0,0,0,0,0,0,8,minkowski,0,0,0,0,0,0.764,0.761,0.783,0.78,0.00198
K Nearest Neighbors,0,0,0,0,0,0,8,euclidean,0,0,0,0,0,0.776,0.774,0.771,0.763,0.00203
K Nearest Neighbors,0,0,0,0,0,0,8,manhattan,0,0,0,0,0,0.758,0.755,0.723,0.713,0.00204
K Nearest Neighbors,0,0,0,0,0,0,8,chebyshev,0,0,0,0,0,0.746,0.742,0.711,0.709,0.00151
K Nearest Neighbors,0,0,0,0,0,0,9,minkowski,0,0,0,0,0,0.764,0.764,0.759,0.761,0.00201
K Nearest Neighbors,0,0,0,0,0,0,9,euclidean,0,0,0,0,0,0.801,0.8,0.675,0.676,0.001
K Nearest Neighbors,0,0,0,0,0,0,9,manhattan,0,0,0,0,0,0.764,0.763,0.759,0.759,0.001
K Nearest Neighbors,0,0,0,0,0,0,9,chebyshev,0,0,0,0,0,0.755,0.753,0.711,0.712,0.001
K Nearest Neighbors,0,0,0,0,0,0,10,minkowski,0,0,0,0,0,0.743,0.739,0.747,0.741,0.00055
K Nearest Neighbors,0,0,0,0,0,0,10,euclidean,0,0,0,0,0,0.758,0.755,0.711,0.709,0.00196
K Nearest Neighbors,0,0,0,0,0,0,10,manhattan,0,0,0,0,0,0.798,0.792,0.602,0.601,0.00204
K Nearest Neighbors,0,0,0,0,0,0,10,chebyshev,0,0,0,0,0,0.731,0.725,0.663,0.661,0.00156
K Nearest Neighbors,0,0,0,0,0,0,11,minkowski,0,0,0,0,0,0.764,0.763,0.759,0.763,0.0019
K Nearest Neighbors,0,0,0,0,0,0,11,euclidean,0,0,0,0,0,0.752,0.751,0.687,0.684,0.00145
K Nearest Neighbors,0,0,0,0,0,0,11,manhattan,0,0,0,0,0,0.749,0.748,0.711,0.712,0.00251
K Nearest Neighbors,0,0,0,0,0,0,11,chebyshev,0,0,0,0,0,0.749,0.749,0.675,0.674,0.00196
K Nearest Neighbors,0,0,0,0,0,0,12,minkowski,0,0,0,0,0,0.767,0.764,0.747,0.741,0.001
K Nearest Neighbors,0,0,0,0,0,0,12,euclidean,0,0,0,0,0,0.752,0.747,0.723,0.714,0.002
K Nearest Neighbors,0,0,0,0,0,0,12,manhattan,0,0,0,0,0,0.755,0.751,0.735,0.727,0.00099
K Nearest Neighbors,0,0,0,0,0,0,12,chebyshev,0,0,0,0,0,0.716,0.71,0.735,0.727,0.00196
K Nearest Neighbors,0,0,0,0,0,0,13,minkowski,0,0,0,0,0,0.743,0.742,0.735,0.734,0.00101
K Nearest Neighbors,0,0,0,0,0,0,13,euclidean,0,0,0,0,0,0.761,0.759,0.711,0.712,0.00101
K Nearest Neighbors,0,0,0,0,0,0,13,manhattan,0,0,0,0,0,0.755,0.755,0.663,0.669,0.00201
K Nearest Neighbors,0,0,0,0,0,0,13,chebyshev,0,0,0,0,0,0.743,0.743,0.723,0.718,0.00201
K Nearest Neighbors,0,0,0,0,0,0,14,minkowski,0,0,0,0,0,0.755,0.75,0.651,0.647,0.00104
K Nearest Neighbors,0,0,0,0,0,0,14,euclidean,0,0,0,0,0,0.755,0.751,0.639,0.627,0.002
K Nearest Neighbors,0,0,0,0,0,0,14,manhattan,0,0,0,0,0,0.743,0.74,0.747,0.741,0.00203
K Nearest Neighbors,0,0,0,0,0,0,14,chebyshev,0,0,0,0,0,0.764,0.76,0.639,0.626,0.00205
K Nearest Neighbors,0,0,0,0,0,0,15,minkowski,0,0,0,0,0,0.746,0.745,0.675,0.675,0.00196
K Nearest Neighbors,0,0,0,0,0,0,15,euclidean,0,0,0,0,0,0.731,0.729,0.771,0.771,0.001
K Nearest Neighbors,0,0,0,0,0,0,15,manhattan,0,0,0,0,0,0.758,0.757,0.759,0.759,0.00097
K Nearest Neighbors,0,0,0,0,0,0,15,chebyshev,0,0,0,0,0,0.758,0.757,0.651,0.649,0.001
K Nearest Neighbors,0,0,0,0,0,0,16,minkowski,0,0,0,0,0,0.749,0.744,0.687,0.682,0.001
K Nearest Neighbors,0,0,0,0,0,0,16,euclidean,0,0,0,0,0,0.731,0.729,0.759,0.753,0.00099
K Nearest Neighbors,0,0,0,0,0,0,16,manhattan,0,0,0,0,0,0.761,0.759,0.675,0.663,0.00099
K Nearest Neighbors,0,0,0,0,0,0,16,chebyshev,0,0,0,0,0,0.758,0.754,0.699,0.695,0.002
K Nearest Neighbors,0,0,0,0,0,0,17,minkowski,0,0,0,0,0,0.77,0.769,0.639,0.633,0.002
K Nearest Neighbors,0,0,0,0,0,0,17,euclidean,0,0,0,0,0,0.761,0.759,0.711,0.712,0.002
K Nearest Neighbors,0,0,0,0,0,0,17,manhattan,0,0,0,0,0,0.776,0.775,0.566,0.561,0.002
K Nearest Neighbors,0,0,0,0,0,0,17,chebyshev,0,0,0,0,0,0.755,0.753,0.687,0.685,0.00195
K Nearest Neighbors,0,0,0,0,0,0,18,minkowski,0,0,0,0,0,0.761,0.758,0.687,0.687,0.001
K Nearest Neighbors,0,0,0,0,0,0,18,euclidean,0,0,0,0,0,0.758,0.756,0.651,0.653,0.002
K Nearest Neighbors,0,0,0,0,0,0,18,manhattan,0,0,0,0,0,0.77,0.767,0.723,0.722,0.002
K Nearest Neighbors,0,0,0,0,0,0,18,chebyshev,0,0,0,0,0,0.725,0.723,0.687,0.687,0.00452
K Nearest Neighbors,0,0,0,0,0,0,19,minkowski,0,0,0,0,0,0.749,0.748,0.723,0.722,0.001
K Nearest Neighbors,0,0,0,0,0,0,19,euclidean,0,0,0,0,0,0.752,0.751,0.687,0.687,0.001
K Nearest Neighbors,0,0,0,0,0,0,19,manhattan,0,0,0,0,0,0.758,0.757,0.663,0.662,0.00101
K Nearest Neighbors,0,0,0,0,0,0,19,chebyshev,0,0,0,0,0,0.734,0.734,0.711,0.707,0.002
K Nearest Neighbors,0,0,0,0,0,0,20,minkowski,0,0,0,0,0,0.755,0.751,0.735,0.726,0.002
K Nearest Neighbors,0,0,0,0,0,0,20,euclidean,0,0,0,0,0,0.764,0.762,0.675,0.665,0.002
K Nearest Neighbors,0,0,0,0,0,0,20,manhattan,0,0,0,0,0,0.737,0.734,0.699,0.696,0.001
K Nearest Neighbors,0,0,0,0,0,0,20,chebyshev,0,0,0,0,0,0.734,0.728,0.639,0.637,0.00203
SVC,0,0,0,0,0,0,0,0,0,0,0.1,0,rbf,0.755,0.75,0.795,0.794,0.006
SVC,0,0,0,0,0,0,0,0,0,0,0.1,0,poly,0.752,0.746,0.783,0.777,0.00451
SVC,0,0,0,0,0,0,0,0,0,0,0.1,0,sigmoid,0.538,0.399,0.554,0.395,0.00551
SVC,0,0,0,0,0,0,0,0,0,0,0.1,0,linear,0.713,0.701,0.675,0.666,0.00352
SVC,0,0,0,0,0,0,0,0,0,0,0.2,0,rbf,0.773,0.766,0.639,0.625,0.004
SVC,0,0,0,0,0,0,0,0,0,0,0.2,0,poly,0.77,0.764,0.675,0.656,0.00502
SVC,0,0,0,0,0,0,0,0,0,0,0.2,0,sigmoid,0.474,0.407,0.422,0.367,0.00495
SVC,0,0,0,0,0,0,0,0,0,0,0.2,0,linear,0.722,0.709,0.675,0.673,0.00301
SVC,0,0,0,0,0,0,0,0,0,0,0.3,0,rbf,0.773,0.769,0.807,0.807,0.00503
SVC,0,0,0,0,0,0,0,0,0,0,0.3,0,poly,0.743,0.731,0.675,0.663,0.0065
SVC,0,0,0,0,0,0,0,0,0,0,0.3,0,sigmoid,0.414,0.388,0.398,0.379,0.00663
SVC,0,0,0,0,0,0,0,0,0,0,0.3,0,linear,0.725,0.718,0.687,0.678,0.004
SVC,0,0,0,0,0,0,0,0,0,0,0.4,0,rbf,0.789,0.785,0.699,0.695,0.004
SVC,0,0,0,0,0,0,0,0,0,0,0.4,0,poly,0.764,0.76,0.759,0.758,0.01248
SVC,0,0,0,0,0,0,0,0,0,0,0.4,0,sigmoid,0.396,0.382,0.313,0.32,0.007
SVC,0,0,0,0,0,0,0,0,0,0,0.4,0,linear,0.719,0.707,0.759,0.748,0.003
SVC,0,0,0,0,0,0,0,0,0,0,0.5,0,rbf,0.782,0.779,0.687,0.681,0.005
SVC,0,0,0,0,0,0,0,0,0,0,0.5,0,poly,0.758,0.75,0.747,0.744,0.00851
SVC,0,0,0,0,0,0,0,0,0,0,0.5,0,sigmoid,0.369,0.36,0.422,0.388,0.00652
SVC,0,0,0,0,0,0,0,0,0,0,0.5,0,linear,0.74,0.73,0.663,0.651,0.003
SVC,0,0,0,0,0,0,0,0,0,0,0.6,0,rbf,0.773,0.771,0.783,0.785,0.00451
SVC,0,0,0,0,0,0,0,0,0,0,0.6,0,poly,0.789,0.783,0.639,0.613,0.00953
SVC,0,0,0,0,0,0,0,0,0,0,0.6,0,sigmoid,0.381,0.372,0.337,0.339,0.00852
SVC,0,0,0,0,0,0,0,0,0,0,0.6,0,linear,0.755,0.746,0.627,0.605,0.00301
SVC,0,0,0,0,0,0,0,0,0,0,0.7,0,rbf,0.773,0.767,0.783,0.782,0.004
SVC,0,0,0,0,0,0,0,0,0,0,0.7,0,poly,0.731,0.717,0.759,0.751,0.01159
SVC,0,0,0,0,0,0,0,0,0,0,0.7,0,sigmoid,0.378,0.373,0.349,0.342,0.00662
SVC,0,0,0,0,0,0,0,0,0,0,0.7,0,linear,0.737,0.733,0.723,0.712,0.003
SVC,0,0,0,0,0,0,0,0,0,0,0.8,0,rbf,0.773,0.768,0.735,0.73,0.00404
SVC,0,0,0,0,0,0,0,0,0,0,0.8,0,poly,0.767,0.757,0.687,0.674,0.01269
SVC,0,0,0,0,0,0,0,0,0,0,0.8,0,sigmoid,0.363,0.358,0.41,0.409,0.00496
SVC,0,0,0,0,0,0,0,0,0,0,0.8,0,linear,0.749,0.745,0.687,0.688,0.00356
SVC,0,0,0,0,0,0,0,0,0,0,0.9,0,rbf,0.773,0.769,0.771,0.768,0.00456
SVC,0,0,0,0,0,0,0,0,0,0,0.9,0,poly,0.761,0.753,0.687,0.666,0.01607
SVC,0,0,0,0,0,0,0,0,0,0,0.9,0,sigmoid,0.381,0.38,0.337,0.346,0.00601
SVC,0,0,0,0,0,0,0,0,0,0,0.9,0,linear,0.746,0.741,0.723,0.716,0.00403
SVC,0,0,0,0,0,0,0,0,0,0,1.0,0,rbf,0.795,0.791,0.843,0.843,0.00455
SVC,0,0,0,0,0,0,0,0,0,0,1.0,0,poly,0.767,0.76,0.687,0.67,0.01352
SVC,0,0,0,0,0,0,0,0,0,0,1.0,0,sigmoid,0.366,0.366,0.386,0.388,0.00555
SVC,0,0,0,0,0,0,0,0,0,0,1.0,0,linear,0.731,0.722,0.711,0.696,0.00401
SVC,0,0,0,0,0,0,0,0,0,0,1.1,0,rbf,0.801,0.797,0.759,0.759,0.00396
SVC,0,0,0,0,0,0,0,0,0,0,1.1,0,poly,0.773,0.769,0.723,0.717,0.01417
SVC,0,0,0,0,0,0,0,0,0,0,1.1,0,sigmoid,0.366,0.364,0.398,0.394,0.00564
SVC,0,0,0,0,0,0,0,0,0,0,1.1,0,linear,0.728,0.723,0.723,0.72,0.004
SVC,0,0,0,0,0,0,0,0,0,0,1.2,0,rbf,0.804,0.801,0.759,0.757,0.00906
SVC,0,0,0,0,0,0,0,0,0,0,1.2,0,poly,0.795,0.789,0.687,0.672,0.01902
SVC,0,0,0,0,0,0,0,0,0,0,1.2,0,sigmoid,0.36,0.36,0.41,0.405,0.00643
SVC,0,0,0,0,0,0,0,0,0,0,1.2,0,linear,0.734,0.729,0.723,0.716,0.00352
SVC,0,0,0,0,0,0,0,0,0,0,1.3,0,rbf,0.813,0.812,0.699,0.7,0.00561
SVC,0,0,0,0,0,0,0,0,0,0,1.3,0,poly,0.761,0.752,0.675,0.664,0.02379
SVC,0,0,0,0,0,0,0,0,0,0,1.3,0,sigmoid,0.387,0.387,0.313,0.31,0.005
SVC,0,0,0,0,0,0,0,0,0,0,1.3,0,linear,0.752,0.744,0.675,0.654,0.003
SVC,0,0,0,0,0,0,0,0,0,0,1.4,0,rbf,0.81,0.808,0.627,0.619,0.004
SVC,0,0,0,0,0,0,0,0,0,0,1.4,0,poly,0.773,0.766,0.783,0.777,0.0222
SVC,0,0,0,0,0,0,0,0,0,0,1.4,0,sigmoid,0.381,0.381,0.386,0.395,0.00551
SVC,0,0,0,0,0,0,0,0,0,0,1.4,0,linear,0.749,0.738,0.711,0.705,0.003
SVC,0,0,0,0,0,0,0,0,0,0,1.5,0,rbf,0.807,0.805,0.783,0.781,0.00461
SVC,0,0,0,0,0,0,0,0,0,0,1.5,0,poly,0.789,0.781,0.639,0.633,0.02402
SVC,0,0,0,0,0,0,0,0,0,0,1.5,0,sigmoid,0.381,0.381,0.313,0.309,0.00609
SVC,0,0,0,0,0,0,0,0,0,0,1.5,0,linear,0.734,0.729,0.723,0.717,0.00352
SVC,0,0,0,0,0,0,0,0,0,0,1.6,0,rbf,0.804,0.803,0.783,0.781,0.004
SVC,0,0,0,0,0,0,0,0,0,0,1.6,0,poly,0.804,0.8,0.675,0.668,0.01902
SVC,0,0,0,0,0,0,0,0,0,0,1.6,0,sigmoid,0.381,0.378,0.349,0.339,0.00658
SVC,0,0,0,0,0,0,0,0,0,0,1.6,0,linear,0.752,0.748,0.675,0.672,0.004
SVC,0,0,0,0,0,0,0,0,0,0,1.7,0,rbf,0.813,0.812,0.675,0.671,0.00455
SVC,0,0,0,0,0,0,0,0,0,0,1.7,0,poly,0.767,0.762,0.759,0.753,0.0233
SVC,0,0,0,0,0,0,0,0,0,0,1.7,0,sigmoid,0.344,0.344,0.458,0.45,0.005
SVC,0,0,0,0,0,0,0,0,0,0,1.7,0,linear,0.737,0.729,0.747,0.74,0.00343
SVC,0,0,0,0,0,0,0,0,0,0,1.8,0,rbf,0.807,0.803,0.759,0.758,0.00501
SVC,0,0,0,0,0,0,0,0,0,0,1.8,0,poly,0.77,0.764,0.699,0.677,0.01953
SVC,0,0,0,0,0,0,0,0,0,0,1.8,0,sigmoid,0.378,0.378,0.325,0.328,0.008
SVC,0,0,0,0,0,0,0,0,0,0,1.8,0,linear,0.713,0.704,0.759,0.751,0.00704
SVC,0,0,0,0,0,0,0,0,0,0,1.9,0,rbf,0.828,0.826,0.663,0.661,0.0056
SVC,0,0,0,0,0,0,0,0,0,0,1.9,0,poly,0.81,0.805,0.651,0.643,0.02822
SVC,0,0,0,0,0,0,0,0,0,0,1.9,0,sigmoid,0.378,0.376,0.313,0.31,0.00754
SVC,0,0,0,0,0,0,0,0,0,0,1.9,0,linear,0.713,0.7,0.795,0.79,0.00652
Decision Tree,gini,1,2,nan,0,0,0,0,0,0,0,0,0,0.746,0.747,0.723,0.724,0.004
Decision Tree,gini,1,2,sqrt,0,0,0,0,0,0,0,0,0,0.746,0.747,0.723,0.725,0.00352
Decision Tree,gini,1,2,log2,0,0,0,0,0,0,0,0,0,0.61,0.596,0.542,0.499,0.002
Decision Tree,gini,1,3,nan,0,0,0,0,0,0,0,0,0,0.758,0.757,0.723,0.721,0.00153
Decision Tree,gini,1,3,sqrt,0,0,0,0,0,0,0,0,0,0.619,0.595,0.518,0.506,0.002
Decision Tree,gini,1,3,log2,0,0,0,0,0,0,0,0,0,0.749,0.749,0.735,0.734,0.00245
Decision Tree,gini,1,4,nan,0,0,0,0,0,0,0,0,0,0.746,0.747,0.723,0.724,0.0085
Decision Tree,gini,1,4,sqrt,0,0,0,0,0,0,0,0,0,0.677,0.677,0.53,0.536,0.002
Decision Tree,gini,1,4,log2,0,0,0,0,0,0,0,0,0,0.58,0.582,0.482,0.482,0.003
Decision Tree,gini,1,5,nan,0,0,0,0,0,0,0,0,0,0.746,0.746,0.723,0.726,0.002
Decision Tree,gini,1,5,sqrt,0,0,0,0,0,0,0,0,0,0.571,0.522,0.554,0.505,0.002
Decision Tree,gini,1,5,log2,0,0,0,0,0,0,0,0,0,0.647,0.648,0.651,0.651,0.002
Decision Tree,gini,1,6,nan,0,0,0,0,0,0,0,0,0,0.767,0.767,0.687,0.676,0.003
Decision Tree,gini,1,6,sqrt,0,0,0,0,0,0,0,0,0,0.737,0.734,0.807,0.807,0.003
Decision Tree,gini,1,6,log2,0,0,0,0,0,0,0,0,0,0.571,0.538,0.614,0.571,0.001
Decision Tree,gini,1,7,nan,0,0,0,0,0,0,0,0,0,0.737,0.735,0.807,0.807,0.00417
Decision Tree,gini,1,7,sqrt,0,0,0,0,0,0,0,0,0,0.743,0.744,0.735,0.735,0.002
Decision Tree,gini,1,7,log2,0,0,0,0,0,0,0,0,0,0.74,0.739,0.795,0.789,0.00197
Decision Tree,gini,1,8,nan,0,0,0,0,0,0,0,0,0,0.755,0.755,0.735,0.724,0.00201
Decision Tree,gini,1,8,sqrt,0,0,0,0,0,0,0,0,0,0.752,0.75,0.747,0.749,0.00201
Decision Tree,gini,1,8,log2,0,0,0,0,0,0,0,0,0,0.659,0.655,0.639,0.639,0.00306
Decision Tree,gini,1,9,nan,0,0,0,0,0,0,0,0,0,0.761,0.76,0.711,0.705,0.003
Decision Tree,gini,1,9,sqrt,0,0,0,0,0,0,0,0,0,0.583,0.532,0.506,0.47,0.001
Decision Tree,gini,1,9,log2,0,0,0,0,0,0,0,0,0,0.619,0.597,0.518,0.494,0.002
Decision Tree,gini,1,10,nan,0,0,0,0,0,0,0,0,0,0.755,0.754,0.735,0.73,0.00201
Decision Tree,gini,1,10,sqrt,0,0,0,0,0,0,0,0,0,0.752,0.75,0.747,0.749,0.001
Decision Tree,gini,1,10,log2,0,0,0,0,0,0,0,0,0,0.656,0.653,0.651,0.644,0.002
Decision Tree,gini,1,11,nan,0,0,0,0,0,0,0,0,0,0.749,0.738,0.663,0.645,0.001
Decision Tree,gini,1,11,sqrt,0,0,0,0,0,0,0,0,0,0.589,0.558,0.554,0.536,0.00202
Decision Tree,gini,1,11,log2,0,0,0,0,0,0,0,0,0,0.74,0.738,0.795,0.797,0.001
Decision Tree,gini,1,12,nan,0,0,0,0,0,0,0,0,0,0.758,0.758,0.699,0.697,0.00198
Decision Tree,gini,1,12,sqrt,0,0,0,0,0,0,0,0,0,0.647,0.642,0.687,0.687,0.001
Decision Tree,gini,1,12,log2,0,0,0,0,0,0,0,0,0,0.595,0.564,0.518,0.462,0.002
Decision Tree,gini,1,13,nan,0,0,0,0,0,0,0,0,0,0.734,0.732,0.819,0.822,0.001
Decision Tree,gini,1,13,sqrt,0,0,0,0,0,0,0,0,0,0.746,0.746,0.747,0.747,0.0024
Decision Tree,gini,1,13,log2,0,0,0,0,0,0,0,0,0,0.665,0.659,0.614,0.614,0.001
Decision Tree,gini,1,14,nan,0,0,0,0,0,0,0,0,0,0.764,0.765,0.651,0.645,0.002
Decision Tree,gini,1,14,sqrt,0,0,0,0,0,0,0,0,0,0.65,0.645,0.675,0.675,0.002
Decision Tree,gini,1,14,log2,0,0,0,0,0,0,0,0,0,0.544,0.383,0.602,0.453,0.00196
Decision Tree,gini,1,15,nan,0,0,0,0,0,0,0,0,0,0.74,0.741,0.747,0.75,0.00401
Decision Tree,gini,1,15,sqrt,0,0,0,0,0,0,0,0,0,0.61,0.582,0.554,0.557,0.002
Decision Tree,gini,1,15,log2,0,0,0,0,0,0,0,0,0,0.653,0.654,0.627,0.627,0.00199
Decision Tree,gini,1,16,nan,0,0,0,0,0,0,0,0,0,0.743,0.74,0.783,0.783,0.002
Decision Tree,gini,1,16,sqrt,0,0,0,0,0,0,0,0,0,0.74,0.741,0.747,0.747,0.001
Decision Tree,gini,1,16,log2,0,0,0,0,0,0,0,0,0,0.749,0.748,0.759,0.755,0.00101
Decision Tree,gini,1,17,nan,0,0,0,0,0,0,0,0,0,0.755,0.756,0.687,0.686,0.002
Decision Tree,gini,1,17,sqrt,0,0,0,0,0,0,0,0,0,0.595,0.578,0.602,0.58,0.002
Decision Tree,gini,1,17,log2,0,0,0,0,0,0,0,0,0,0.752,0.75,0.747,0.747,0.002
Decision Tree,gini,1,18,nan,0,0,0,0,0,0,0,0,0,0.77,0.768,0.675,0.674,0.0025
Decision Tree,gini,1,18,sqrt,0,0,0,0,0,0,0,0,0,0.731,0.732,0.783,0.784,0.00251
Decision Tree,gini,1,18,log2,0,0,0,0,0,0,0,0,0,0.758,0.756,0.723,0.723,0.00457
Decision Tree,gini,1,19,nan,0,0,0,0,0,0,0,0,0,0.758,0.757,0.723,0.718,0.00142
Decision Tree,gini,1,19,sqrt,0,0,0,0,0,0,0,0,0,0.665,0.665,0.578,0.583,0.001
Decision Tree,gini,1,19,log2,0,0,0,0,0,0,0,0,0,0.538,0.376,0.627,0.483,0.00151
Decision Tree,gini,1,20,nan,0,0,0,0,0,0,0,0,0,0.749,0.747,0.759,0.759,0.00157
Decision Tree,gini,1,20,sqrt,0,0,0,0,0,0,0,0,0,0.616,0.617,0.675,0.68,0.001
Decision Tree,gini,1,20,log2,0,0,0,0,0,0,0,0,0,0.637,0.639,0.687,0.686,0.001
Decision Tree,entropy,1,2,nan,0,0,0,0,0,0,0,0,0,0.749,0.747,0.759,0.758,0.001
Decision Tree,entropy,1,2,sqrt,0,0,0,0,0,0,0,0,0,0.547,0.387,0.59,0.438,0.002
Decision Tree,entropy,1,2,log2,0,0,0,0,0,0,0,0,0,0.625,0.628,0.639,0.635,0.00099
Decision Tree,entropy,1,3,nan,0,0,0,0,0,0,0,0,0,0.752,0.739,0.651,0.642,0.00351
Decision Tree,entropy,1,3,sqrt,0,0,0,0,0,0,0,0,0,0.604,0.572,0.482,0.436,0.002
Decision Tree,entropy,1,3,log2,0,0,0,0,0,0,0,0,0,0.746,0.747,0.723,0.724,0.003
Decision Tree,entropy,1,4,nan,0,0,0,0,0,0,0,0,0,0.746,0.744,0.771,0.773,0.00301
Decision Tree,entropy,1,4,sqrt,0,0,0,0,0,0,0,0,0,0.758,0.757,0.723,0.721,0.00398
Decision Tree,entropy,1,4,log2,0,0,0,0,0,0,0,0,0,0.637,0.639,0.59,0.587,0.002
Decision Tree,entropy,1,5,nan,0,0,0,0,0,0,0,0,0,0.746,0.745,0.771,0.768,0.002
Decision Tree,entropy,1,5,sqrt,0,0,0,0,0,0,0,0,0,0.644,0.645,0.566,0.566,0.00113
Decision Tree,entropy,1,5,log2,0,0,0,0,0,0,0,0,0,0.637,0.639,0.687,0.685,0.00201
Decision Tree,entropy,1,6,nan,0,0,0,0,0,0,0,0,0,0.722,0.723,0.819,0.82,0.00255
Decision Tree,entropy,1,6,sqrt,0,0,0,0,0,0,0,0,0,0.659,0.653,0.639,0.646,0.001
Decision Tree,entropy,1,6,log2,0,0,0,0,0,0,0,0,0,0.574,0.528,0.542,0.483,0.001
Decision Tree,entropy,1,7,nan,0,0,0,0,0,0,0,0,0,0.752,0.753,0.699,0.699,0.003
Decision Tree,entropy,1,7,sqrt,0,0,0,0,0,0,0,0,0,0.619,0.621,0.663,0.66,0.00151
Decision Tree,entropy,1,7,log2,0,0,0,0,0,0,0,0,0,0.604,0.581,0.578,0.558,0.002
Decision Tree,entropy,1,8,nan,0,0,0,0,0,0,0,0,0,0.743,0.744,0.735,0.734,0.002
Decision Tree,entropy,1,8,sqrt,0,0,0,0,0,0,0,0,0,0.758,0.757,0.723,0.718,0.002
Decision Tree,entropy,1,8,log2,0,0,0,0,0,0,0,0,0,0.58,0.426,0.458,0.288,0.00154
Decision Tree,entropy,1,9,nan,0,0,0,0,0,0,0,0,0,0.746,0.746,0.723,0.728,0.003
Decision Tree,entropy,1,9,sqrt,0,0,0,0,0,0,0,0,0,0.662,0.663,0.494,0.49,0.00354
Decision Tree,entropy,1,9,log2,0,0,0,0,0,0,0,0,0,0.571,0.529,0.614,0.6,0.002
Decision Tree,entropy,1,10,nan,0,0,0,0,0,0,0,0,0,0.749,0.749,0.723,0.725,0.00345
Decision Tree,entropy,1,10,sqrt,0,0,0,0,0,0,0,0,0,0.731,0.732,0.771,0.772,0.00364
Decision Tree,entropy,1,10,log2,0,0,0,0,0,0,0,0,0,0.583,0.552,0.566,0.511,0.00198
Decision Tree,entropy,1,11,nan,0,0,0,0,0,0,0,0,0,0.716,0.716,0.747,0.746,0.00402
Decision Tree,entropy,1,11,sqrt,0,0,0,0,0,0,0,0,0,0.749,0.747,0.759,0.757,0.00353
Decision Tree,entropy,1,11,log2,0,0,0,0,0,0,0,0,0,0.662,0.66,0.627,0.613,0.00352
Decision Tree,entropy,1,12,nan,0,0,0,0,0,0,0,0,0,0.764,0.762,0.699,0.698,0.00452
Decision Tree,entropy,1,12,sqrt,0,0,0,0,0,0,0,0,0,0.628,0.626,0.566,0.538,0.00399
Decision Tree,entropy,1,12,log2,0,0,0,0,0,0,0,0,0,0.61,0.59,0.554,0.519,0.00757
Decision Tree,entropy,1,13,nan,0,0,0,0,0,0,0,0,0,0.737,0.736,0.807,0.801,0.00301
Decision Tree,entropy,1,13,sqrt,0,0,0,0,0,0,0,0,0,0.613,0.59,0.542,0.523,0.00352
Decision Tree,entropy,1,13,log2,0,0,0,0,0,0,0,0,0,0.647,0.648,0.651,0.651,0.00151
Decision Tree,entropy,1,14,nan,0,0,0,0,0,0,0,0,0,0.767,0.766,0.687,0.684,0.00251
Decision Tree,entropy,1,14,sqrt,0,0,0,0,0,0,0,0,0,0.746,0.746,0.723,0.73,0.002
Decision Tree,entropy,1,14,log2,0,0,0,0,0,0,0,0,0,0.647,0.647,0.554,0.555,0.002
Decision Tree,entropy,1,15,nan,0,0,0,0,0,0,0,0,0,0.746,0.747,0.711,0.713,0.00199
Decision Tree,entropy,1,15,sqrt,0,0,0,0,0,0,0,0,0,0.58,0.535,0.518,0.449,0.002
Decision Tree,entropy,1,15,log2,0,0,0,0,0,0,0,0,0,0.647,0.643,0.687,0.681,0.001
Decision Tree,entropy,1,16,nan,0,0,0,0,0,0,0,0,0,0.77,0.768,0.675,0.674,0.002
Decision Tree,entropy,1,16,sqrt,0,0,0,0,0,0,0,0,0,0.752,0.75,0.747,0.745,0.00201
Decision Tree,entropy,1,16,log2,0,0,0,0,0,0,0,0,0,0.752,0.751,0.747,0.745,0.00101
Decision Tree,entropy,1,17,nan,0,0,0,0,0,0,0,0,0,0.77,0.769,0.675,0.671,0.00151
Decision Tree,entropy,1,17,sqrt,0,0,0,0,0,0,0,0,0,0.616,0.618,0.675,0.675,0.00151
Decision Tree,entropy,1,17,log2,0,0,0,0,0,0,0,0,0,0.577,0.539,0.59,0.565,0.00151
Decision Tree,entropy,1,18,nan,0,0,0,0,0,0,0,0,0,0.74,0.741,0.735,0.737,0.001
Decision Tree,entropy,1,18,sqrt,0,0,0,0,0,0,0,0,0,0.583,0.546,0.566,0.537,0.001
Decision Tree,entropy,1,18,log2,0,0,0,0,0,0,0,0,0,0.665,0.666,0.578,0.578,0.001
Decision Tree,entropy,1,19,nan,0,0,0,0,0,0,0,0,0,0.74,0.741,0.747,0.748,0.001
Decision Tree,entropy,1,19,sqrt,0,0,0,0,0,0,0,0,0,0.65,0.65,0.639,0.64,0.00251
Decision Tree,entropy,1,19,log2,0,0,0,0,0,0,0,0,0,0.577,0.538,0.59,0.57,0.002
Decision Tree,entropy,1,20,nan,0,0,0,0,0,0,0,0,0,0.746,0.745,0.771,0.767,0.002
Decision Tree,entropy,1,20,sqrt,0,0,0,0,0,0,0,0,0,0.574,0.572,0.482,0.484,0.001
Decision Tree,entropy,1,20,log2,0,0,0,0,0,0,0,0,0,0.755,0.755,0.711,0.709,0.002
Decision Tree,gini,2,2,nan,0,0,0,0,0,0,0,0,0,0.746,0.746,0.735,0.734,0.002
Decision Tree,gini,2,2,sqrt,0,0,0,0,0,0,0,0,0,0.634,0.633,0.663,0.672,0.00202
Decision Tree,gini,2,2,log2,0,0,0,0,0,0,0,0,0,0.779,0.779,0.639,0.64,0.00251
Decision Tree,gini,2,3,nan,0,0,0,0,0,0,0,0,0,0.749,0.75,0.711,0.708,0.001
Decision Tree,gini,2,3,sqrt,0,0,0,0,0,0,0,0,0,0.604,0.507,0.446,0.329,0.002
Decision Tree,gini,2,3,log2,0,0,0,0,0,0,0,0,0,0.743,0.742,0.699,0.698,0.001
Decision Tree,gini,2,4,nan,0,0,0,0,0,0,0,0,0,0.749,0.748,0.759,0.76,0.00301
Decision Tree,gini,2,4,sqrt,0,0,0,0,0,0,0,0,0,0.767,0.765,0.663,0.661,0.0015
Decision Tree,gini,2,4,log2,0,0,0,0,0,0,0,0,0,0.665,0.665,0.627,0.627,0.002
Decision Tree,gini,2,5,nan,0,0,0,0,0,0,0,0,0,0.737,0.736,0.807,0.806,0.002
Decision Tree,gini,2,5,sqrt,0,0,0,0,0,0,0,0,0,0.68,0.681,0.602,0.602,0.002
Decision Tree,gini,2,5,log2,0,0,0,0,0,0,0,0,0,0.74,0.74,0.711,0.712,0.00201
Decision Tree,gini,2,6,nan,0,0,0,0,0,0,0,0,0,0.752,0.75,0.747,0.746,0.003
Decision Tree,gini,2,6,sqrt,0,0,0,0,0,0,0,0,0,0.749,0.748,0.783,0.782,0.00202
Decision Tree,gini,2,6,log2,0,0,0,0,0,0,0,0,0,0.767,0.767,0.711,0.71,0.002
Decision Tree,gini,2,7,nan,0,0,0,0,0,0,0,0,0,0.758,0.757,0.723,0.717,0.00501
Decision Tree,gini,2,7,sqrt,0,0,0,0,0,0,0,0,0,0.761,0.762,0.723,0.724,0.00471
Decision Tree,gini,2,7,log2,0,0,0,0,0,0,0,0,0,0.755,0.756,0.711,0.711,0.002
Decision Tree,gini,2,8,nan,0,0,0,0,0,0,0,0,0,0.749,0.746,0.759,0.759,0.00252
Decision Tree,gini,2,8,sqrt,0,0,0,0,0,0,0,0,0,0.701,0.702,0.542,0.537,0.00151
Decision Tree,gini,2,8,log2,0,0,0,0,0,0,0,0,0,0.749,0.746,0.759,0.755,0.00253
Decision Tree,gini,2,9,nan,0,0,0,0,0,0,0,0,0,0.746,0.744,0.771,0.77,0.00201
Decision Tree,gini,2,9,sqrt,0,0,0,0,0,0,0,0,0,0.779,0.78,0.59,0.596,0.00251
Decision Tree,gini,2,9,log2,0,0,0,0,0,0,0,0,0,0.758,0.758,0.723,0.712,0.002
Decision Tree,gini,2,10,nan,0,0,0,0,0,0,0,0,0,0.767,0.768,0.614,0.615,0.00251
Decision Tree,gini,2,10,sqrt,0,0,0,0,0,0,0,0,0,0.65,0.651,0.675,0.674,0.00302
Decision Tree,gini,2,10,log2,0,0,0,0,0,0,0,0,0,0.737,0.738,0.759,0.761,0.00252
Decision Tree,gini,2,11,nan,0,0,0,0,0,0,0,0,0,0.761,0.762,0.663,0.663,0.002
Decision Tree,gini,2,11,sqrt,0,0,0,0,0,0,0,0,0,0.755,0.753,0.723,0.725,0.003
Decision Tree,gini,2,11,log2,0,0,0,0,0,0,0,0,0,0.758,0.755,0.735,0.727,0.002
Decision Tree,gini,2,12,nan,0,0,0,0,0,0,0,0,0,0.77,0.77,0.651,0.647,0.005
Decision Tree,gini,2,12,sqrt,0,0,0,0,0,0,0,0,0,0.707,0.706,0.614,0.606,0.001
Decision Tree,gini,2,12,log2,0,0,0,0,0,0,0,0,0,0.743,0.74,0.723,0.717,0.001
Decision Tree,gini,2,13,nan,0,0,0,0,0,0,0,0,0,0.752,0.745,0.699,0.692,0.002
Decision Tree,gini,2,13,sqrt,0,0,0,0,0,0,0,0,0,0.755,0.756,0.771,0.771,0.002
Decision Tree,gini,2,13,log2,0,0,0,0,0,0,0,0,0,0.64,0.641,0.614,0.616,0.001
Decision Tree,gini,2,14,nan,0,0,0,0,0,0,0,0,0,0.749,0.747,0.566,0.549,0.002
Decision Tree,gini,2,14,sqrt,0,0,0,0,0,0,0,0,0,0.68,0.68,0.687,0.683,0.00253
Decision Tree,gini,2,14,log2,0,0,0,0,0,0,0,0,0,0.668,0.659,0.627,0.624,0.00401
Decision Tree,gini,2,15,nan,0,0,0,0,0,0,0,0,0,0.764,0.762,0.699,0.699,0.002
Decision Tree,gini,2,15,sqrt,0,0,0,0,0,0,0,0,0,0.64,0.64,0.627,0.63,0.00101
Decision Tree,gini,2,15,log2,0,0,0,0,0,0,0,0,0,0.631,0.607,0.566,0.545,0.003
Decision Tree,gini,2,16,nan,0,0,0,0,0,0,0,0,0,0.773,0.771,0.663,0.662,0.00355
Decision Tree,gini,2,16,sqrt,0,0,0,0,0,0,0,0,0,0.653,0.642,0.602,0.607,0.001
Decision Tree,gini,2,16,log2,0,0,0,0,0,0,0,0,0,0.668,0.669,0.614,0.614,0.002
Decision Tree,gini,2,17,nan,0,0,0,0,0,0,0,0,0,0.767,0.768,0.639,0.638,0.00248
Decision Tree,gini,2,17,sqrt,0,0,0,0,0,0,0,0,0,0.752,0.752,0.747,0.744,0.002
Decision Tree,gini,2,17,log2,0,0,0,0,0,0,0,0,0,0.64,0.627,0.651,0.645,0.001
Decision Tree,gini,2,18,nan,0,0,0,0,0,0,0,0,0,0.725,0.725,0.807,0.811,0.00252
Decision Tree,gini,2,18,sqrt,0,0,0,0,0,0,0,0,0,0.767,0.763,0.675,0.675,0.00199
Decision Tree,gini,2,18,log2,0,0,0,0,0,0,0,0,0,0.628,0.63,0.735,0.735,0.00101
Decision Tree,gini,2,19,nan,0,0,0,0,0,0,0,0,0,0.779,0.776,0.651,0.643,0.00201
Decision Tree,gini,2,19,sqrt,0,0,0,0,0,0,0,0,0,0.647,0.646,0.639,0.636,0.0015
Decision Tree,gini,2,19,log2,0,0,0,0,0,0,0,0,0,0.665,0.664,0.578,0.578,0.002
Decision Tree,gini,2,20,nan,0,0,0,0,0,0,0,0,0,0.761,0.762,0.687,0.686,0.00151
Decision Tree,gini,2,20,sqrt,0,0,0,0,0,0,0,0,0,0.767,0.766,0.663,0.657,0.00203
Decision Tree,gini,2,20,log2,0,0,0,0,0,0,0,0,0,0.749,0.747,0.759,0.759,0.00195
Decision Tree,entropy,2,2,nan,0,0,0,0,0,0,0,0,0,0.761,0.76,0.711,0.707,0.00201
Decision Tree,entropy,2,2,sqrt,0,0,0,0,0,0,0,0,0,0.619,0.604,0.699,0.685,0.00152
Decision Tree,entropy,2,2,log2,0,0,0,0,0,0,0,0,0,0.631,0.633,0.711,0.71,0.002
Decision Tree,entropy,2,3,nan,0,0,0,0,0,0,0,0,0,0.74,0.739,0.795,0.79,0.00602
Decision Tree,entropy,2,3,sqrt,0,0,0,0,0,0,0,0,0,0.734,0.731,0.53,0.517,0.00494
Decision Tree,entropy,2,3,log2,0,0,0,0,0,0,0,0,0,0.637,0.628,0.59,0.602,0.00401
Decision Tree,entropy,2,4,nan,0,0,0,0,0,0,0,0,0,0.746,0.736,0.675,0.648,0.00399
Decision Tree,entropy,2,4,sqrt,0,0,0,0,0,0,0,0,0,0.752,0.751,0.747,0.745,0.0025
Decision Tree,entropy,2,4,log2,0,0,0,0,0,0,0,0,0,0.764,0.764,0.699,0.705,0.00195
Decision Tree,entropy,2,5,nan,0,0,0,0,0,0,0,0,0,0.74,0.739,0.795,0.793,0.00158
Decision Tree,entropy,2,5,sqrt,0,0,0,0,0,0,0,0,0,0.746,0.747,0.747,0.747,0.00096
Decision Tree,entropy,2,5,log2,0,0,0,0,0,0,0,0,0,0.752,0.749,0.747,0.747,0.002
Decision Tree,entropy,2,6,nan,0,0,0,0,0,0,0,0,0,0.761,0.762,0.675,0.674,0.001
Decision Tree,entropy,2,6,sqrt,0,0,0,0,0,0,0,0,0,0.689,0.689,0.566,0.568,0.002
Decision Tree,entropy,2,6,log2,0,0,0,0,0,0,0,0,0,0.65,0.635,0.614,0.606,0.002
Decision Tree,entropy,2,7,nan,0,0,0,0,0,0,0,0,0,0.752,0.743,0.687,0.672,0.002
Decision Tree,entropy,2,7,sqrt,0,0,0,0,0,0,0,0,0,0.695,0.668,0.687,0.665,0.00204
Decision Tree,entropy,2,7,log2,0,0,0,0,0,0,0,0,0,0.734,0.735,0.723,0.719,0.002
Decision Tree,entropy,2,8,nan,0,0,0,0,0,0,0,0,0,0.761,0.757,0.651,0.636,0.00259
Decision Tree,entropy,2,8,sqrt,0,0,0,0,0,0,0,0,0,0.634,0.636,0.602,0.602,0.00252
Decision Tree,entropy,2,8,log2,0,0,0,0,0,0,0,0,0,0.692,0.664,0.699,0.679,0.00099
Decision Tree,entropy,2,9,nan,0,0,0,0,0,0,0,0,0,0.767,0.768,0.639,0.639,0.00241
Decision Tree,entropy,2,9,sqrt,0,0,0,0,0,0,0,0,0,0.746,0.745,0.783,0.78,0.003
Decision Tree,entropy,2,9,log2,0,0,0,0,0,0,0,0,0,0.737,0.724,0.687,0.672,0.00301
Decision Tree,entropy,2,10,nan,0,0,0,0,0,0,0,0,0,0.764,0.762,0.699,0.7,0.00392
Decision Tree,entropy,2,10,sqrt,0,0,0,0,0,0,0,0,0,0.647,0.642,0.687,0.686,0.00121
Decision Tree,entropy,2,10,log2,0,0,0,0,0,0,0,0,0,0.637,0.624,0.651,0.639,0.001
Decision Tree,entropy,2,11,nan,0,0,0,0,0,0,0,0,0,0.749,0.742,0.699,0.694,0.002
Decision Tree,entropy,2,11,sqrt,0,0,0,0,0,0,0,0,0,0.719,0.706,0.602,0.574,0.002
Decision Tree,entropy,2,11,log2,0,0,0,0,0,0,0,0,0,0.65,0.634,0.602,0.592,0.002
Decision Tree,entropy,2,12,nan,0,0,0,0,0,0,0,0,0,0.758,0.751,0.663,0.658,0.006
Decision Tree,entropy,2,12,sqrt,0,0,0,0,0,0,0,0,0,0.644,0.645,0.614,0.614,0.00736
Decision Tree,entropy,2,12,log2,0,0,0,0,0,0,0,0,0,0.631,0.612,0.602,0.594,0.00556
Decision Tree,entropy,2,13,nan,0,0,0,0,0,0,0,0,0,0.734,0.734,0.771,0.779,0.002
Decision Tree,entropy,2,13,sqrt,0,0,0,0,0,0,0,0,0,0.634,0.622,0.663,0.645,0.00398
Decision Tree,entropy,2,13,log2,0,0,0,0,0,0,0,0,0,0.74,0.741,0.602,0.597,0.00558
Decision Tree,entropy,2,14,nan,0,0,0,0,0,0,0,0,0,0.758,0.758,0.675,0.681,0.0035
Decision Tree,entropy,2,14,sqrt,0,0,0,0,0,0,0,0,0,0.746,0.747,0.735,0.734,0.00353
Decision Tree,entropy,2,14,log2,0,0,0,0,0,0,0,0,0,0.644,0.644,0.663,0.664,0.00301
Decision Tree,entropy,2,15,nan,0,0,0,0,0,0,0,0,0,0.743,0.736,0.663,0.652,0.003
Decision Tree,entropy,2,15,sqrt,0,0,0,0,0,0,0,0,0,0.674,0.675,0.59,0.59,0.00254
Decision Tree,entropy,2,15,log2,0,0,0,0,0,0,0,0,0,0.653,0.638,0.602,0.582,0.00338
Decision Tree,entropy,2,16,nan,0,0,0,0,0,0,0,0,0,0.743,0.745,0.735,0.734,0.00193
Decision Tree,entropy,2,16,sqrt,0,0,0,0,0,0,0,0,0,0.692,0.686,0.699,0.696,0.001
Decision Tree,entropy,2,16,log2,0,0,0,0,0,0,0,0,0,0.767,0.768,0.687,0.688,0.00301
Decision Tree,entropy,2,17,nan,0,0,0,0,0,0,0,0,0,0.734,0.732,0.819,0.817,0.003
Decision Tree,entropy,2,17,sqrt,0,0,0,0,0,0,0,0,0,0.746,0.747,0.759,0.76,0.00437
Decision Tree,entropy,2,17,log2,0,0,0,0,0,0,0,0,0,0.683,0.653,0.735,0.72,0.002
Decision Tree,entropy,2,18,nan,0,0,0,0,0,0,0,0,0,0.758,0.758,0.675,0.682,0.0031
Decision Tree,entropy,2,18,sqrt,0,0,0,0,0,0,0,0,0,0.644,0.643,0.614,0.612,0.002
Decision Tree,entropy,2,18,log2,0,0,0,0,0,0,0,0,0,0.743,0.744,0.747,0.747,0.001
Decision Tree,entropy,2,19,nan,0,0,0,0,0,0,0,0,0,0.752,0.75,0.747,0.747,0.00201
Decision Tree,entropy,2,19,sqrt,0,0,0,0,0,0,0,0,0,0.773,0.774,0.663,0.662,0.001
Decision Tree,entropy,2,19,log2,0,0,0,0,0,0,0,0,0,0.74,0.741,0.747,0.745,0.003
Decision Tree,entropy,2,20,nan,0,0,0,0,0,0,0,0,0,0.773,0.773,0.663,0.657,0.00654
Decision Tree,entropy,2,20,sqrt,0,0,0,0,0,0,0,0,0,0.731,0.73,0.53,0.53,0.002
Decision Tree,entropy,2,20,log2,0,0,0,0,0,0,0,0,0,0.68,0.674,0.699,0.684,0.00197
Decision Tree,gini,3,2,nan,0,0,0,0,0,0,0,0,0,0.764,0.766,0.747,0.748,0.0011
Decision Tree,gini,3,2,sqrt,0,0,0,0,0,0,0,0,0,0.701,0.69,0.747,0.738,0.00151
Decision Tree,gini,3,2,log2,0,0,0,0,0,0,0,0,0,0.662,0.647,0.518,0.487,0.00454
Decision Tree,gini,3,3,nan,0,0,0,0,0,0,0,0,0,0.795,0.794,0.675,0.662,0.001
Decision Tree,gini,3,3,sqrt,0,0,0,0,0,0,0,0,0,0.752,0.752,0.711,0.709,0.003
Decision Tree,gini,3,3,log2,0,0,0,0,0,0,0,0,0,0.758,0.749,0.639,0.618,0.003
Decision Tree,gini,3,4,nan,0,0,0,0,0,0,0,0,0,0.782,0.783,0.771,0.772,0.00196
Decision Tree,gini,3,4,sqrt,0,0,0,0,0,0,0,0,0,0.752,0.749,0.771,0.765,0.002
Decision Tree,gini,3,4,log2,0,0,0,0,0,0,0,0,0,0.746,0.745,0.747,0.742,0.002
Decision Tree,gini,3,5,nan,0,0,0,0,0,0,0,0,0,0.782,0.783,0.639,0.639,0.00151
Decision Tree,gini,3,5,sqrt,0,0,0,0,0,0,0,0,0,0.758,0.757,0.747,0.742,0.002
Decision Tree,gini,3,5,log2,0,0,0,0,0,0,0,0,0,0.785,0.785,0.687,0.685,0.00201
Decision Tree,gini,3,6,nan,0,0,0,0,0,0,0,0,0,0.761,0.757,0.771,0.77,0.00361
Decision Tree,gini,3,6,sqrt,0,0,0,0,0,0,0,0,0,0.755,0.748,0.614,0.599,0.00227
Decision Tree,gini,3,6,log2,0,0,0,0,0,0,0,0,0,0.764,0.765,0.687,0.69,0.00099
Decision Tree,gini,3,7,nan,0,0,0,0,0,0,0,0,0,0.807,0.807,0.675,0.682,0.002
Decision Tree,gini,3,7,sqrt,0,0,0,0,0,0,0,0,0,0.785,0.785,0.651,0.65,0.00201
Decision Tree,gini,3,7,log2,0,0,0,0,0,0,0,0,0,0.764,0.761,0.759,0.756,0.00207
Decision Tree,gini,3,8,nan,0,0,0,0,0,0,0,0,0,0.776,0.773,0.723,0.724,0.00199
Decision Tree,gini,3,8,sqrt,0,0,0,0,0,0,0,0,0,0.716,0.705,0.687,0.678,0.00198
Decision Tree,gini,3,8,log2,0,0,0,0,0,0,0,0,0,0.731,0.729,0.602,0.607,0.002
Decision Tree,gini,3,9,nan,0,0,0,0,0,0,0,0,0,0.785,0.785,0.699,0.699,0.002
Decision Tree,gini,3,9,sqrt,0,0,0,0,0,0,0,0,0,0.785,0.785,0.651,0.649,0.002
Decision Tree,gini,3,9,log2,0,0,0,0,0,0,0,0,0,0.728,0.728,0.711,0.713,0.0035
Decision Tree,gini,3,10,nan,0,0,0,0,0,0,0,0,0,0.798,0.798,0.687,0.688,0.00352
Decision Tree,gini,3,10,sqrt,0,0,0,0,0,0,0,0,0,0.758,0.758,0.687,0.675,0.00355
Decision Tree,gini,3,10,log2,0,0,0,0,0,0,0,0,0,0.707,0.693,0.602,0.574,0.00151
Decision Tree,gini,3,11,nan,0,0,0,0,0,0,0,0,0,0.804,0.802,0.675,0.675,0.004
Decision Tree,gini,3,11,sqrt,0,0,0,0,0,0,0,0,0,0.767,0.767,0.735,0.737,0.00214
Decision Tree,gini,3,11,log2,0,0,0,0,0,0,0,0,0,0.743,0.741,0.663,0.654,0.002
Decision Tree,gini,3,12,nan,0,0,0,0,0,0,0,0,0,0.764,0.761,0.723,0.723,0.004
Decision Tree,gini,3,12,sqrt,0,0,0,0,0,0,0,0,0,0.758,0.759,0.735,0.733,0.003
Decision Tree,gini,3,12,log2,0,0,0,0,0,0,0,0,0,0.725,0.725,0.627,0.632,0.002
Decision Tree,gini,3,13,nan,0,0,0,0,0,0,0,0,0,0.785,0.785,0.699,0.699,0.002
Decision Tree,gini,3,13,sqrt,0,0,0,0,0,0,0,0,0,0.71,0.705,0.639,0.633,0.001
Decision Tree,gini,3,13,log2,0,0,0,0,0,0,0,0,0,0.683,0.683,0.639,0.634,0.002
Decision Tree,gini,3,14,nan,0,0,0,0,0,0,0,0,0,0.801,0.796,0.651,0.655,0.00395
Decision Tree,gini,3,14,sqrt,0,0,0,0,0,0,0,0,0,0.734,0.734,0.675,0.672,0.00352
Decision Tree,gini,3,14,log2,0,0,0,0,0,0,0,0,0,0.656,0.656,0.614,0.618,0.003
Decision Tree,gini,3,15,nan,0,0,0,0,0,0,0,0,0,0.798,0.797,0.663,0.663,0.004
Decision Tree,gini,3,15,sqrt,0,0,0,0,0,0,0,0,0,0.719,0.705,0.687,0.672,0.002
Decision Tree,gini,3,15,log2,0,0,0,0,0,0,0,0,0,0.692,0.688,0.554,0.554,0.00201
Decision Tree,gini,3,16,nan,0,0,0,0,0,0,0,0,0,0.764,0.763,0.735,0.729,0.002
Decision Tree,gini,3,16,sqrt,0,0,0,0,0,0,0,0,0,0.782,0.783,0.651,0.657,0.00201
Decision Tree,gini,3,16,log2,0,0,0,0,0,0,0,0,0,0.758,0.754,0.723,0.717,0.002
Decision Tree,gini,3,17,nan,0,0,0,0,0,0,0,0,0,0.776,0.777,0.675,0.675,0.002
Decision Tree,gini,3,17,sqrt,0,0,0,0,0,0,0,0,0,0.77,0.769,0.723,0.726,0.00199
Decision Tree,gini,3,17,log2,0,0,0,0,0,0,0,0,0,0.749,0.746,0.735,0.727,0.002
Decision Tree,gini,3,18,nan,0,0,0,0,0,0,0,0,0,0.77,0.771,0.711,0.716,0.002
Decision Tree,gini,3,18,sqrt,0,0,0,0,0,0,0,0,0,0.782,0.783,0.627,0.629,0.00251
Decision Tree,gini,3,18,log2,0,0,0,0,0,0,0,0,0,0.737,0.728,0.759,0.752,0.002
Decision Tree,gini,3,19,nan,0,0,0,0,0,0,0,0,0,0.798,0.795,0.639,0.637,0.002
Decision Tree,gini,3,19,sqrt,0,0,0,0,0,0,0,0,0,0.767,0.765,0.735,0.735,0.001
Decision Tree,gini,3,19,log2,0,0,0,0,0,0,0,0,0,0.764,0.765,0.699,0.702,0.00199
Decision Tree,gini,3,20,nan,0,0,0,0,0,0,0,0,0,0.785,0.786,0.627,0.63,0.001
Decision Tree,gini,3,20,sqrt,0,0,0,0,0,0,0,0,0,0.779,0.778,0.639,0.64,0.002
Decision Tree,gini,3,20,log2,0,0,0,0,0,0,0,0,0,0.758,0.756,0.747,0.748,0.00103
Decision Tree,entropy,3,2,nan,0,0,0,0,0,0,0,0,0,0.792,0.787,0.651,0.65,0.00251
Decision Tree,entropy,3,2,sqrt,0,0,0,0,0,0,0,0,0,0.746,0.748,0.747,0.744,0.00255
Decision Tree,entropy,3,2,log2,0,0,0,0,0,0,0,0,0,0.686,0.661,0.735,0.721,0.002
Decision Tree,entropy,3,3,nan,0,0,0,0,0,0,0,0,0,0.779,0.78,0.711,0.71,0.00201
Decision Tree,entropy,3,3,sqrt,0,0,0,0,0,0,0,0,0,0.776,0.775,0.699,0.698,0.001
Decision Tree,entropy,3,3,log2,0,0,0,0,0,0,0,0,0,0.731,0.715,0.699,0.681,0.002
Decision Tree,entropy,3,4,nan,0,0,0,0,0,0,0,0,0,0.789,0.784,0.663,0.659,0.00155
Decision Tree,entropy,3,4,sqrt,0,0,0,0,0,0,0,0,0,0.619,0.607,0.566,0.559,0.00155
Decision Tree,entropy,3,4,log2,0,0,0,0,0,0,0,0,0,0.71,0.709,0.747,0.748,0.002
Decision Tree,entropy,3,5,nan,0,0,0,0,0,0,0,0,0,0.752,0.753,0.795,0.794,0.00204
Decision Tree,entropy,3,5,sqrt,0,0,0,0,0,0,0,0,0,0.677,0.676,0.602,0.607,0.002
Decision Tree,entropy,3,5,log2,0,0,0,0,0,0,0,0,0,0.752,0.753,0.699,0.699,0.00204
Decision Tree,entropy,3,6,nan,0,0,0,0,0,0,0,0,0,0.776,0.774,0.723,0.722,0.00097
Decision Tree,entropy,3,6,sqrt,0,0,0,0,0,0,0,0,0,0.761,0.761,0.747,0.746,0.001
Decision Tree,entropy,3,6,log2,0,0,0,0,0,0,0,0,0,0.752,0.753,0.735,0.734,0.002
Decision Tree,entropy,3,7,nan,0,0,0,0,0,0,0,0,0,0.779,0.776,0.663,0.649,0.002
Decision Tree,entropy,3,7,sqrt,0,0,0,0,0,0,0,0,0,0.755,0.756,0.699,0.698,0.00255
Decision Tree,entropy,3,7,log2,0,0,0,0,0,0,0,0,0,0.731,0.731,0.699,0.699,0.001
Decision Tree,entropy,3,8,nan,0,0,0,0,0,0,0,0,0,0.764,0.765,0.723,0.723,0.00305
Decision Tree,entropy,3,8,sqrt,0,0,0,0,0,0,0,0,0,0.674,0.669,0.614,0.607,0.00198
Decision Tree,entropy,3,8,log2,0,0,0,0,0,0,0,0,0,0.674,0.666,0.602,0.592,0.001
Decision Tree,entropy,3,9,nan,0,0,0,0,0,0,0,0,0,0.789,0.787,0.687,0.684,0.00204
Decision Tree,entropy,3,9,sqrt,0,0,0,0,0,0,0,0,0,0.749,0.747,0.723,0.723,0.00095
Decision Tree,entropy,3,9,log2,0,0,0,0,0,0,0,0,0,0.746,0.744,0.759,0.753,0.00203
Decision Tree,entropy,3,10,nan,0,0,0,0,0,0,0,0,0,0.776,0.777,0.759,0.759,0.00208
Decision Tree,entropy,3,10,sqrt,0,0,0,0,0,0,0,0,0,0.743,0.744,0.759,0.757,0.00104
Decision Tree,entropy,3,10,log2,0,0,0,0,0,0,0,0,0,0.707,0.691,0.675,0.661,0.00205
Decision Tree,entropy,3,11,nan,0,0,0,0,0,0,0,0,0,0.776,0.773,0.723,0.721,0.00101
Decision Tree,entropy,3,11,sqrt,0,0,0,0,0,0,0,0,0,0.761,0.756,0.735,0.732,0.00167
Decision Tree,entropy,3,11,log2,0,0,0,0,0,0,0,0,0,0.755,0.753,0.747,0.748,0.001
Decision Tree,entropy,3,12,nan,0,0,0,0,0,0,0,0,0,0.779,0.78,0.711,0.713,0.00199
Decision Tree,entropy,3,12,sqrt,0,0,0,0,0,0,0,0,0,0.758,0.754,0.723,0.717,0.00104
Decision Tree,entropy,3,12,log2,0,0,0,0,0,0,0,0,0,0.716,0.712,0.699,0.699,0.002
Decision Tree,entropy,3,13,nan,0,0,0,0,0,0,0,0,0,0.755,0.754,0.687,0.68,0.002
Decision Tree,entropy,3,13,sqrt,0,0,0,0,0,0,0,0,0,0.767,0.768,0.687,0.686,0.002
Decision Tree,entropy,3,13,log2,0,0,0,0,0,0,0,0,0,0.707,0.686,0.687,0.657,0.00304
Decision Tree,entropy,3,14,nan,0,0,0,0,0,0,0,0,0,0.773,0.773,0.747,0.749,0.00204
Decision Tree,entropy,3,14,sqrt,0,0,0,0,0,0,0,0,0,0.595,0.565,0.554,0.517,0.002
Decision Tree,entropy,3,14,log2,0,0,0,0,0,0,0,0,0,0.792,0.791,0.651,0.654,0.00205
Decision Tree,entropy,3,15,nan,0,0,0,0,0,0,0,0,0,0.764,0.764,0.687,0.69,0.00201
Decision Tree,entropy,3,15,sqrt,0,0,0,0,0,0,0,0,0,0.722,0.723,0.651,0.65,0.002
Decision Tree,entropy,3,15,log2,0,0,0,0,0,0,0,0,0,0.752,0.752,0.627,0.627,0.00341
Decision Tree,entropy,3,16,nan,0,0,0,0,0,0,0,0,0,0.782,0.782,0.699,0.701,0.00201
Decision Tree,entropy,3,16,sqrt,0,0,0,0,0,0,0,0,0,0.689,0.69,0.602,0.601,0.00193
Decision Tree,entropy,3,16,log2,0,0,0,0,0,0,0,0,0,0.692,0.67,0.711,0.687,0.00252
Decision Tree,entropy,3,17,nan,0,0,0,0,0,0,0,0,0,0.767,0.766,0.747,0.741,0.003
Decision Tree,entropy,3,17,sqrt,0,0,0,0,0,0,0,0,0,0.767,0.759,0.663,0.652,0.00206
Decision Tree,entropy,3,17,log2,0,0,0,0,0,0,0,0,0,0.719,0.702,0.663,0.649,0.003
Decision Tree,entropy,3,18,nan,0,0,0,0,0,0,0,0,0,0.764,0.764,0.687,0.694,0.00152
Decision Tree,entropy,3,18,sqrt,0,0,0,0,0,0,0,0,0,0.607,0.572,0.506,0.488,0.002
Decision Tree,entropy,3,18,log2,0,0,0,0,0,0,0,0,0,0.749,0.75,0.783,0.783,0.00195
Decision Tree,entropy,3,19,nan,0,0,0,0,0,0,0,0,0,0.801,0.801,0.687,0.683,0.002
Decision Tree,entropy,3,19,sqrt,0,0,0,0,0,0,0,0,0,0.773,0.771,0.699,0.697,0.00309
Decision Tree,entropy,3,19,log2,0,0,0,0,0,0,0,0,0,0.779,0.78,0.687,0.686,0.00205
Decision Tree,entropy,3,20,nan,0,0,0,0,0,0,0,0,0,0.798,0.798,0.687,0.685,0.00701
Decision Tree,entropy,3,20,sqrt,0,0,0,0,0,0,0,0,0,0.77,0.771,0.699,0.699,0.003
Decision Tree,entropy,3,20,log2,0,0,0,0,0,0,0,0,0,0.77,0.76,0.614,0.611,0.003
Decision Tree,gini,4,2,nan,0,0,0,0,0,0,0,0,0,0.828,0.826,0.675,0.671,0.00307
Decision Tree,gini,4,2,sqrt,0,0,0,0,0,0,0,0,0,0.798,0.797,0.795,0.795,0.00215
Decision Tree,gini,4,2,log2,0,0,0,0,0,0,0,0,0,0.704,0.695,0.578,0.57,0.00301
Decision Tree,gini,4,3,nan,0,0,0,0,0,0,0,0,0,0.822,0.821,0.759,0.76,0.00501
Decision Tree,gini,4,3,sqrt,0,0,0,0,0,0,0,0,0,0.695,0.695,0.675,0.676,0.001
Decision Tree,gini,4,3,log2,0,0,0,0,0,0,0,0,0,0.755,0.748,0.663,0.659,0.00253
Decision Tree,gini,4,4,nan,0,0,0,0,0,0,0,0,0,0.846,0.846,0.735,0.735,0.00302
Decision Tree,gini,4,4,sqrt,0,0,0,0,0,0,0,0,0,0.764,0.762,0.771,0.77,0.00203
Decision Tree,gini,4,4,log2,0,0,0,0,0,0,0,0,0,0.752,0.753,0.59,0.591,0.002
Decision Tree,gini,4,5,nan,0,0,0,0,0,0,0,0,0,0.828,0.826,0.723,0.721,0.00401
Decision Tree,gini,4,5,sqrt,0,0,0,0,0,0,0,0,0,0.764,0.764,0.735,0.736,0.002
Decision Tree,gini,4,5,log2,0,0,0,0,0,0,0,0,0,0.776,0.776,0.735,0.729,0.003
Decision Tree,gini,4,6,nan,0,0,0,0,0,0,0,0,0,0.855,0.853,0.627,0.627,0.00298
Decision Tree,gini,4,6,sqrt,0,0,0,0,0,0,0,0,0,0.686,0.68,0.699,0.699,0.002
Decision Tree,gini,4,6,log2,0,0,0,0,0,0,0,0,0,0.782,0.782,0.711,0.708,0.00204
Decision Tree,gini,4,7,nan,0,0,0,0,0,0,0,0,0,0.828,0.824,0.663,0.654,0.00197
Decision Tree,gini,4,7,sqrt,0,0,0,0,0,0,0,0,0,0.813,0.813,0.675,0.677,0.00203
Decision Tree,gini,4,7,log2,0,0,0,0,0,0,0,0,0,0.764,0.761,0.735,0.734,0.00196
Decision Tree,gini,4,8,nan,0,0,0,0,0,0,0,0,0,0.834,0.834,0.627,0.627,0.00197
Decision Tree,gini,4,8,sqrt,0,0,0,0,0,0,0,0,0,0.728,0.728,0.542,0.538,0.00204
Decision Tree,gini,4,8,log2,0,0,0,0,0,0,0,0,0,0.81,0.807,0.578,0.571,0.003
Decision Tree,gini,4,9,nan,0,0,0,0,0,0,0,0,0,0.819,0.819,0.711,0.71,0.002
Decision Tree,gini,4,9,sqrt,0,0,0,0,0,0,0,0,0,0.761,0.761,0.699,0.701,0.002
Decision Tree,gini,4,9,log2,0,0,0,0,0,0,0,0,0,0.755,0.756,0.627,0.625,0.00203
Decision Tree,gini,4,10,nan,0,0,0,0,0,0,0,0,0,0.813,0.813,0.651,0.653,0.00256
Decision Tree,gini,4,10,sqrt,0,0,0,0,0,0,0,0,0,0.728,0.727,0.675,0.678,0.00201
Decision Tree,gini,4,10,log2,0,0,0,0,0,0,0,0,0,0.779,0.778,0.639,0.638,0.00302
Decision Tree,gini,4,11,nan,0,0,0,0,0,0,0,0,0,0.846,0.846,0.699,0.7,0.00204
Decision Tree,gini,4,11,sqrt,0,0,0,0,0,0,0,0,0,0.767,0.768,0.614,0.614,0.00151
Decision Tree,gini,4,11,log2,0,0,0,0,0,0,0,0,0,0.773,0.774,0.627,0.627,0.0049
Decision Tree,gini,4,12,nan,0,0,0,0,0,0,0,0,0,0.822,0.821,0.711,0.713,0.001
Decision Tree,gini,4,12,sqrt,0,0,0,0,0,0,0,0,0,0.743,0.743,0.627,0.622,0.00299
Decision Tree,gini,4,12,log2,0,0,0,0,0,0,0,0,0,0.74,0.737,0.627,0.601,0.00401
Decision Tree,gini,4,13,nan,0,0,0,0,0,0,0,0,0,0.804,0.799,0.663,0.655,0.00462
Decision Tree,gini,4,13,sqrt,0,0,0,0,0,0,0,0,0,0.743,0.729,0.699,0.689,0.001
Decision Tree,gini,4,13,log2,0,0,0,0,0,0,0,0,0,0.746,0.748,0.663,0.661,0.00259
Decision Tree,gini,4,14,nan,0,0,0,0,0,0,0,0,0,0.81,0.807,0.747,0.744,0.00353
Decision Tree,gini,4,14,sqrt,0,0,0,0,0,0,0,0,0,0.716,0.707,0.663,0.654,0.00201
Decision Tree,gini,4,14,log2,0,0,0,0,0,0,0,0,0,0.743,0.739,0.687,0.681,0.00201
Decision Tree,gini,4,15,nan,0,0,0,0,0,0,0,0,0,0.798,0.794,0.735,0.727,0.00301
Decision Tree,gini,4,15,sqrt,0,0,0,0,0,0,0,0,0,0.81,0.809,0.663,0.666,0.001
Decision Tree,gini,4,15,log2,0,0,0,0,0,0,0,0,0,0.752,0.751,0.711,0.704,0.00199
Decision Tree,gini,4,16,nan,0,0,0,0,0,0,0,0,0,0.785,0.78,0.759,0.745,0.00557
Decision Tree,gini,4,16,sqrt,0,0,0,0,0,0,0,0,0,0.773,0.772,0.699,0.697,0.001
Decision Tree,gini,4,16,log2,0,0,0,0,0,0,0,0,0,0.789,0.789,0.747,0.746,0.001
Decision Tree,gini,4,17,nan,0,0,0,0,0,0,0,0,0,0.816,0.816,0.723,0.723,0.002
Decision Tree,gini,4,17,sqrt,0,0,0,0,0,0,0,0,0,0.728,0.726,0.614,0.606,0.002
Decision Tree,gini,4,17,log2,0,0,0,0,0,0,0,0,0,0.776,0.777,0.687,0.687,0.00452
Decision Tree,gini,4,18,nan,0,0,0,0,0,0,0,0,0,0.828,0.827,0.663,0.665,0.00296
Decision Tree,gini,4,18,sqrt,0,0,0,0,0,0,0,0,0,0.782,0.781,0.735,0.735,0.00421
Decision Tree,gini,4,18,log2,0,0,0,0,0,0,0,0,0,0.789,0.786,0.687,0.68,0.00101
Decision Tree,gini,4,19,nan,0,0,0,0,0,0,0,0,0,0.822,0.82,0.711,0.696,0.00204
Decision Tree,gini,4,19,sqrt,0,0,0,0,0,0,0,0,0,0.758,0.751,0.602,0.589,0.001
Decision Tree,gini,4,19,log2,0,0,0,0,0,0,0,0,0,0.71,0.708,0.711,0.711,0.002
Decision Tree,gini,4,20,nan,0,0,0,0,0,0,0,0,0,0.807,0.805,0.639,0.636,0.00104
Decision Tree,gini,4,20,sqrt,0,0,0,0,0,0,0,0,0,0.752,0.748,0.711,0.705,0.00151
Decision Tree,gini,4,20,log2,0,0,0,0,0,0,0,0,0,0.77,0.772,0.663,0.662,0.00104
Decision Tree,entropy,4,2,nan,0,0,0,0,0,0,0,0,0,0.767,0.763,0.711,0.708,0.00204
Decision Tree,entropy,4,2,sqrt,0,0,0,0,0,0,0,0,0,0.773,0.773,0.699,0.699,0.00355
Decision Tree,entropy,4,2,log2,0,0,0,0,0,0,0,0,0,0.773,0.772,0.651,0.65,0.00259
Decision Tree,entropy,4,3,nan,0,0,0,0,0,0,0,0,0,0.81,0.809,0.699,0.693,0.00256
Decision Tree,entropy,4,3,sqrt,0,0,0,0,0,0,0,0,0,0.795,0.795,0.639,0.639,0.00305
Decision Tree,entropy,4,3,log2,0,0,0,0,0,0,0,0,0,0.698,0.699,0.602,0.604,0.00201
Decision Tree,entropy,4,4,nan,0,0,0,0,0,0,0,0,0,0.813,0.812,0.747,0.746,0.003
Decision Tree,entropy,4,4,sqrt,0,0,0,0,0,0,0,0,0,0.81,0.81,0.711,0.71,0.00197
Decision Tree,entropy,4,4,log2,0,0,0,0,0,0,0,0,0,0.807,0.807,0.735,0.736,0.00203
Decision Tree,entropy,4,5,nan,0,0,0,0,0,0,0,0,0,0.816,0.811,0.723,0.713,0.00297
Decision Tree,entropy,4,5,sqrt,0,0,0,0,0,0,0,0,0,0.734,0.724,0.711,0.705,0.00201
Decision Tree,entropy,4,5,log2,0,0,0,0,0,0,0,0,0,0.804,0.798,0.711,0.708,0.002
Decision Tree,entropy,4,6,nan,0,0,0,0,0,0,0,0,0,0.801,0.799,0.651,0.645,0.00196
Decision Tree,entropy,4,6,sqrt,0,0,0,0,0,0,0,0,0,0.792,0.789,0.663,0.666,0.00199
Decision Tree,entropy,4,6,log2,0,0,0,0,0,0,0,0,0,0.68,0.674,0.723,0.713,0.002
Decision Tree,entropy,4,7,nan,0,0,0,0,0,0,0,0,0,0.81,0.81,0.651,0.653,0.00301
Decision Tree,entropy,4,7,sqrt,0,0,0,0,0,0,0,0,0,0.81,0.809,0.627,0.627,0.00201
Decision Tree,entropy,4,7,log2,0,0,0,0,0,0,0,0,0,0.77,0.771,0.723,0.723,0.00104
Decision Tree,entropy,4,8,nan,0,0,0,0,0,0,0,0,0,0.813,0.811,0.711,0.7,0.00402
Decision Tree,entropy,4,8,sqrt,0,0,0,0,0,0,0,0,0,0.752,0.744,0.602,0.596,0.00105
Decision Tree,entropy,4,8,log2,0,0,0,0,0,0,0,0,0,0.761,0.761,0.723,0.717,0.00194
Decision Tree,entropy,4,9,nan,0,0,0,0,0,0,0,0,0,0.816,0.815,0.675,0.675,0.00252
Decision Tree,entropy,4,9,sqrt,0,0,0,0,0,0,0,0,0,0.767,0.763,0.759,0.75,0.00653
Decision Tree,entropy,4,9,log2,0,0,0,0,0,0,0,0,0,0.81,0.808,0.651,0.65,0.0045
Decision Tree,entropy,4,10,nan,0,0,0,0,0,0,0,0,0,0.789,0.788,0.663,0.654,0.00301
Decision Tree,entropy,4,10,sqrt,0,0,0,0,0,0,0,0,0,0.776,0.777,0.735,0.734,0.002
Decision Tree,entropy,4,10,log2,0,0,0,0,0,0,0,0,0,0.758,0.756,0.59,0.584,0.002
Decision Tree,entropy,4,11,nan,0,0,0,0,0,0,0,0,0,0.831,0.829,0.699,0.697,0.00703
Decision Tree,entropy,4,11,sqrt,0,0,0,0,0,0,0,0,0,0.822,0.82,0.711,0.703,0.00353
Decision Tree,entropy,4,11,log2,0,0,0,0,0,0,0,0,0,0.722,0.709,0.723,0.718,0.002
Decision Tree,entropy,4,12,nan,0,0,0,0,0,0,0,0,0,0.801,0.8,0.795,0.795,0.003
Decision Tree,entropy,4,12,sqrt,0,0,0,0,0,0,0,0,0,0.801,0.801,0.711,0.711,0.001
Decision Tree,entropy,4,12,log2,0,0,0,0,0,0,0,0,0,0.764,0.763,0.747,0.745,0.00386
Decision Tree,entropy,4,13,nan,0,0,0,0,0,0,0,0,0,0.789,0.789,0.687,0.685,0.00606
Decision Tree,entropy,4,13,sqrt,0,0,0,0,0,0,0,0,0,0.767,0.768,0.759,0.761,0.00196
Decision Tree,entropy,4,13,log2,0,0,0,0,0,0,0,0,0,0.758,0.758,0.771,0.772,0.00101
Decision Tree,entropy,4,14,nan,0,0,0,0,0,0,0,0,0,0.801,0.801,0.723,0.723,0.00358
Decision Tree,entropy,4,14,sqrt,0,0,0,0,0,0,0,0,0,0.77,0.765,0.699,0.697,0.00104
Decision Tree,entropy,4,14,log2,0,0,0,0,0,0,0,0,0,0.713,0.707,0.554,0.546,0.00203
Decision Tree,entropy,4,15,nan,0,0,0,0,0,0,0,0,0,0.801,0.794,0.699,0.698,0.00405
Decision Tree,entropy,4,15,sqrt,0,0,0,0,0,0,0,0,0,0.801,0.799,0.675,0.678,0.00096
Decision Tree,entropy,4,15,log2,0,0,0,0,0,0,0,0,0,0.725,0.721,0.59,0.585,0.002
Decision Tree,entropy,4,16,nan,0,0,0,0,0,0,0,0,0,0.801,0.799,0.735,0.726,0.00196
Decision Tree,entropy,4,16,sqrt,0,0,0,0,0,0,0,0,0,0.798,0.797,0.723,0.723,0.00151
Decision Tree,entropy,4,16,log2,0,0,0,0,0,0,0,0,0,0.785,0.784,0.663,0.663,0.00192
Decision Tree,entropy,4,17,nan,0,0,0,0,0,0,0,0,0,0.813,0.811,0.699,0.699,0.00201
Decision Tree,entropy,4,17,sqrt,0,0,0,0,0,0,0,0,0,0.782,0.782,0.711,0.71,0.002
Decision Tree,entropy,4,17,log2,0,0,0,0,0,0,0,0,0,0.749,0.748,0.639,0.639,0.002
Decision Tree,entropy,4,18,nan,0,0,0,0,0,0,0,0,0,0.819,0.817,0.687,0.685,0.003
Decision Tree,entropy,4,18,sqrt,0,0,0,0,0,0,0,0,0,0.755,0.755,0.723,0.724,0.002
Decision Tree,entropy,4,18,log2,0,0,0,0,0,0,0,0,0,0.785,0.785,0.699,0.699,0.00353
Decision Tree,entropy,4,19,nan,0,0,0,0,0,0,0,0,0,0.779,0.778,0.807,0.806,0.004
Decision Tree,entropy,4,19,sqrt,0,0,0,0,0,0,0,0,0,0.716,0.707,0.699,0.682,0.00301
Decision Tree,entropy,4,19,log2,0,0,0,0,0,0,0,0,0,0.722,0.723,0.771,0.771,0.00295
Decision Tree,entropy,4,20,nan,0,0,0,0,0,0,0,0,0,0.819,0.817,0.723,0.723,0.00555
Decision Tree,entropy,4,20,sqrt,0,0,0,0,0,0,0,0,0,0.776,0.772,0.723,0.722,0.00201
Decision Tree,entropy,4,20,log2,0,0,0,0,0,0,0,0,0,0.773,0.773,0.687,0.693,0.00319
Decision Tree,gini,5,2,nan,0,0,0,0,0,0,0,0,0,0.882,0.882,0.651,0.647,0.00248
Decision Tree,gini,5,2,sqrt,0,0,0,0,0,0,0,0,0,0.819,0.816,0.639,0.628,0.00355
Decision Tree,gini,5,2,log2,0,0,0,0,0,0,0,0,0,0.813,0.812,0.627,0.63,0.002
Decision Tree,gini,5,3,nan,0,0,0,0,0,0,0,0,0,0.852,0.851,0.614,0.611,0.002
Decision Tree,gini,5,3,sqrt,0,0,0,0,0,0,0,0,0,0.752,0.751,0.663,0.663,0.00098
Decision Tree,gini,5,3,log2,0,0,0,0,0,0,0,0,0,0.752,0.751,0.566,0.569,0.002
Decision Tree,gini,5,4,nan,0,0,0,0,0,0,0,0,0,0.861,0.86,0.687,0.678,0.00252
Decision Tree,gini,5,4,sqrt,0,0,0,0,0,0,0,0,0,0.813,0.813,0.687,0.687,0.00701
Decision Tree,gini,5,4,log2,0,0,0,0,0,0,0,0,0,0.825,0.824,0.711,0.711,0.00514
Decision Tree,gini,5,5,nan,0,0,0,0,0,0,0,0,0,0.828,0.827,0.783,0.785,0.00604
Decision Tree,gini,5,5,sqrt,0,0,0,0,0,0,0,0,0,0.798,0.795,0.675,0.671,0.00606
Decision Tree,gini,5,5,log2,0,0,0,0,0,0,0,0,0,0.855,0.855,0.663,0.663,0.004
Decision Tree,gini,5,6,nan,0,0,0,0,0,0,0,0,0,0.888,0.888,0.663,0.665,0.00196
Decision Tree,gini,5,6,sqrt,0,0,0,0,0,0,0,0,0,0.813,0.813,0.723,0.722,0.002
Decision Tree,gini,5,6,log2,0,0,0,0,0,0,0,0,0,0.804,0.801,0.687,0.695,0.00251
Decision Tree,gini,5,7,nan,0,0,0,0,0,0,0,0,0,0.837,0.837,0.639,0.647,0.00204
Decision Tree,gini,5,7,sqrt,0,0,0,0,0,0,0,0,0,0.779,0.777,0.59,0.58,0.00358
Decision Tree,gini,5,7,log2,0,0,0,0,0,0,0,0,0,0.798,0.796,0.675,0.681,0.002
Decision Tree,gini,5,8,nan,0,0,0,0,0,0,0,0,0,0.852,0.852,0.663,0.668,0.002
Decision Tree,gini,5,8,sqrt,0,0,0,0,0,0,0,0,0,0.804,0.804,0.783,0.783,0.003
Decision Tree,gini,5,8,log2,0,0,0,0,0,0,0,0,0,0.74,0.741,0.639,0.634,0.001
Decision Tree,gini,5,9,nan,0,0,0,0,0,0,0,0,0,0.861,0.861,0.711,0.708,0.002
Decision Tree,gini,5,9,sqrt,0,0,0,0,0,0,0,0,0,0.785,0.786,0.735,0.731,0.002
Decision Tree,gini,5,9,log2,0,0,0,0,0,0,0,0,0,0.837,0.836,0.627,0.629,0.002
Decision Tree,gini,5,10,nan,0,0,0,0,0,0,0,0,0,0.855,0.854,0.747,0.747,0.00957
Decision Tree,gini,5,10,sqrt,0,0,0,0,0,0,0,0,0,0.816,0.816,0.627,0.627,0.00695
Decision Tree,gini,5,10,log2,0,0,0,0,0,0,0,0,0,0.801,0.799,0.711,0.71,0.001
Decision Tree,gini,5,11,nan,0,0,0,0,0,0,0,0,0,0.849,0.848,0.687,0.686,0.004
Decision Tree,gini,5,11,sqrt,0,0,0,0,0,0,0,0,0,0.807,0.803,0.687,0.68,0.002
Decision Tree,gini,5,11,log2,0,0,0,0,0,0,0,0,0,0.798,0.795,0.723,0.72,0.002
Decision Tree,gini,5,12,nan,0,0,0,0,0,0,0,0,0,0.834,0.833,0.771,0.766,0.00407
Decision Tree,gini,5,12,sqrt,0,0,0,0,0,0,0,0,0,0.795,0.795,0.711,0.712,0.002
Decision Tree,gini,5,12,log2,0,0,0,0,0,0,0,0,0,0.785,0.785,0.735,0.735,0.001
Decision Tree,gini,5,13,nan,0,0,0,0,0,0,0,0,0,0.861,0.861,0.687,0.686,0.002
Decision Tree,gini,5,13,sqrt,0,0,0,0,0,0,0,0,0,0.752,0.752,0.602,0.601,0.002
Decision Tree,gini,5,13,log2,0,0,0,0,0,0,0,0,0,0.752,0.753,0.518,0.519,0.001
Decision Tree,gini,5,14,nan,0,0,0,0,0,0,0,0,0,0.846,0.844,0.699,0.697,0.002
Decision Tree,gini,5,14,sqrt,0,0,0,0,0,0,0,0,0,0.792,0.786,0.711,0.707,0.002
Decision Tree,gini,5,14,log2,0,0,0,0,0,0,0,0,0,0.804,0.803,0.735,0.737,0.002
Decision Tree,gini,5,15,nan,0,0,0,0,0,0,0,0,0,0.84,0.84,0.723,0.722,0.003
Decision Tree,gini,5,15,sqrt,0,0,0,0,0,0,0,0,0,0.807,0.804,0.602,0.598,0.002
Decision Tree,gini,5,15,log2,0,0,0,0,0,0,0,0,0,0.837,0.837,0.663,0.665,0.002
Decision Tree,gini,5,16,nan,0,0,0,0,0,0,0,0,0,0.828,0.822,0.602,0.593,0.002
Decision Tree,gini,5,16,sqrt,0,0,0,0,0,0,0,0,0,0.822,0.821,0.711,0.714,0.00251
Decision Tree,gini,5,16,log2,0,0,0,0,0,0,0,0,0,0.779,0.78,0.663,0.662,0.002
Decision Tree,gini,5,17,nan,0,0,0,0,0,0,0,0,0,0.801,0.799,0.711,0.713,0.002
Decision Tree,gini,5,17,sqrt,0,0,0,0,0,0,0,0,0,0.828,0.828,0.747,0.749,0.00152
Decision Tree,gini,5,17,log2,0,0,0,0,0,0,0,0,0,0.785,0.78,0.747,0.742,0.001
Decision Tree,gini,5,18,nan,0,0,0,0,0,0,0,0,0,0.852,0.852,0.675,0.653,0.00252
Decision Tree,gini,5,18,sqrt,0,0,0,0,0,0,0,0,0,0.807,0.806,0.759,0.754,0.001
Decision Tree,gini,5,18,log2,0,0,0,0,0,0,0,0,0,0.785,0.783,0.566,0.559,0.00151
Decision Tree,gini,5,19,nan,0,0,0,0,0,0,0,0,0,0.837,0.837,0.711,0.707,0.00203
Decision Tree,gini,5,19,sqrt,0,0,0,0,0,0,0,0,0,0.776,0.776,0.723,0.725,0.00201
Decision Tree,gini,5,19,log2,0,0,0,0,0,0,0,0,0,0.795,0.787,0.675,0.666,0.002
Decision Tree,gini,5,20,nan,0,0,0,0,0,0,0,0,0,0.813,0.812,0.711,0.714,0.002
Decision Tree,gini,5,20,sqrt,0,0,0,0,0,0,0,0,0,0.801,0.8,0.771,0.769,0.003
Decision Tree,gini,5,20,log2,0,0,0,0,0,0,0,0,0,0.807,0.807,0.747,0.747,0.00301
Decision Tree,entropy,5,2,nan,0,0,0,0,0,0,0,0,0,0.819,0.818,0.687,0.687,0.00433
Decision Tree,entropy,5,2,sqrt,0,0,0,0,0,0,0,0,0,0.743,0.742,0.723,0.718,0.003
Decision Tree,entropy,5,2,log2,0,0,0,0,0,0,0,0,0,0.849,0.849,0.711,0.712,0.00204
